student_id,first_name,last_name,date_of_birth,gender
0,Winfred,Ayo,2014-08-10,male
1,Othella,Bamidele,2014-06-25,female
2,Lisa,Olamide,2013-09-04,female
3,Suzanna,Akuchi,2014-02-01,female
4,Lars,Idowu,2015-09-01,male
5,Corrie,Ndidi,2015-12-28,female
6,Ventura,Chidiebube,2013-01-22,female
7,Ronica,Ayotunde,2015-12-05,female
8,Amalita,Chidiebere,2013-04-02,female
9,Lorinda,Kelechi,2015-10-06,female
10,Albatros,Opeyemi,2014-03-06,male
11,Simone,Dayo,2013-11-23,female
12,Wilone,Chikere,2014-06-22,female
13,Leila,Chikelu,2013-03-15,female
14,Gwendolen,Chisom,2015-09-05,female
15,Charil,Oluwatoyin,2013-02-01,female
16,Tore,Adebowale,2014-10-20,male
17,Trix,Chiemeka,2014-05-03,female
18,Barbey,Adeola,2013-01-07,female
19,Ivett,Adisa,2015-02-26,female
20,Hervey,Olusola,2013-11-22,male
21,Luke,Chidiebele,2013-02-03,male
22,Skipper,Ekundayo,2013-03-17,male
23,Nicolea,Chijindum,2015-05-12,female
24,Marketa,Chizoba,2013-11-03,female
25,Charita,Abioye,2014-11-19,female
26,Joye,Taiwo,2013-10-15,female
27,Sherline,Chidi,2014-11-03,female
28,Hanni,Ekene,2015-02-07,female
29,Bren,Uchenna,2015-11-14,female
30,Kaila,Adedayo,2015-02-20,female
31,Clive,Kehinde,2014-12-02,male
32,Cindie,Chidubem,2014-07-09,female
33,Lucia,Kyauta,2014-10-03,female
34,Cliff,Alaba,2013-04-23,male
35,Ricki,Ife,2014-09-16,male
36,Jerrold,Toyin,2013-05-11,male
37,Prudence,Uzochi,2014-11-08,female
38,Phylis,Abimbola,2013-06-13,female
39,Leontine,Olayinka,2013-05-23,female
40,Gloriana,Ayomide,2014-02-28,female
41,Sky,Dada,2014-11-21,male
42,Aurelea,Chigozie,2013-06-20,female
43,Lanie,Uche,2013-05-08,female
44,Brigit,Onyekachi,2015-05-05,female
45,Willi,Temitope,2015-10-07,male
46,Merna,Fumnanya,2015-05-15,female
47,Faina,Ayodele,2015-12-12,female
48,Dave,Obi,2014-10-09,male
49,Ingamar,Abiodun,2013-01-25,male
50,Kyrstin,Uzoma,2015-04-02,female
51,Angelle,Abiola,2015-06-12,female
52,Anatole,Akachi,2015-03-24,male
53,Ursula,Eniola,2014-06-08,female
54,Darius,Adebola,2013-07-23,male
55,Aharon,Chinwendu,2013-04-28,male
56,Kynthia,Chima,2013-10-02,female
57,Moyna,Abidemi,2014-10-05,female
58,Roanna,Chibuzo,2013-01-26,female
59,Carmelita,Chinonso,2013-03-05,female
60,Alejandro,Oluwaseun,2014-11-03,male
61,Archon,Ekenedilichukwu,2015-02-15,male
62,Ally,Tochukwu,2015-08-10,female
63,Georgetta,Adetokunbo,2014-03-07,female
64,Lura,Oni,2014-11-20,female
65,Cornelle,Ogochukwu,2014-02-23,female
66,Malanie,Onyekachukwu,2015-11-04,female
67,Berget,Ige,2014-03-05,female
68,Vick,Folami,2015-01-02,male
69,Werner,Onyeka,2015-08-10,male
70,Sol,Chimezie,2013-06-14,male
71,Louella,Oluwaseyi,2015-08-23,female
72,Catherina,Yalwa,2014-07-17,female
73,Gabriele,Enitan,2015-06-05,male
74,Winfred,Ayo,2013-09-02,male
75,Othella,Bamidele,2014-06-24,female
76,Lisa,Olamide,2015-09-15,female
77,Suzanna,Akuchi,2014-05-16,female
78,Lars,Idowu,2015-08-20,male
79,Corrie,Ndidi,2013-12-22,female
80,Ventura,Chidiebube,2015-03-10,female
81,Si,Idowu,2013-09-07,male
82,Ronica,Ayotunde,2015-08-03,female
83,Amalita,Chidiebere,2014-02-17,female
84,Lorinda,Kelechi,2013-08-18,female
85,Albatros,Opeyemi,2015-08-27,male
86,Sophey,Ndidi,2015-02-04,female
87,Shirah,Kelechi,2015-01-21,female
88,Simone,Dayo,2015-07-15,female
89,Wilone,Chikere,2013-03-19,female
90,Leila,Chikelu,2013-03-12,female
91,Gwendolen,Chisom,2014-06-16,female
92,Charil,Oluwatoyin,2015-01-14,female
93,Luis,Olamide,2013-04-13,male
94,Tore,Adebowale,2015-11-28,male
95,Trix,Chiemeka,2013-03-13,female
96,Barbey,Adeola,2014-04-15,female
97,Ivett,Adisa,2014-01-21,female
98,Hervey,Olusola,2015-02-18,male
99,Tito,Chiemeka,2014-05-20,male
100,Luke,Chidiebele,2015-05-05,male
101,Susie,Chidiebele,2014-03-14,female
102,Skipper,Ekundayo,2014-12-18,male
103,Nicolea,Chijindum,2014-03-12,female
104,Keri,Ayotunde,2014-10-19,female
105,Marketa,Chizoba,2015-03-16,female
106,Fan,Kelechi,2014-07-19,female
107,Charita,Abioye,2014-08-01,female
108,Joye,Taiwo,2013-04-12,female
109,Sherline,Chidi,2015-07-04,female
110,Hanni,Ekene,2014-07-06,female
111,Bren,Uchenna,2013-08-14,female
112,Kaila,Adedayo,2013-08-22,female
113,Clive,Kehinde,2014-02-07,male
114,Cindie,Chidubem,2015-11-16,female
115,Lucia,Kyauta,2014-08-02,female
116,Ludwig,Kyauta,2015-12-02,male
117,Cliff,Alaba,2013-04-17,male
118,Ricki,Ife,2015-03-03,male
119,Cyril,Ekene,2013-09-01,male
120,Latisha,Kehinde,2014-12-03,female
121,Helen-Elizabeth,Kehinde,2015-08-12,female
122,Tomi,Ekundayo,2014-03-10,female
123,Tory,Ayotunde,2013-01-09,female
124,Jerrold,Toyin,2013-03-10,male
125,Prudence,Uzochi,2015-12-20,female
126,Phil,Chikere,2015-08-10,female
127,Phylis,Abimbola,2013-04-02,female
128,Leontine,Olayinka,2014-09-22,female
129,Berny,Chidiebele,2015-10-06,female
130,Doralynn,Chidiebube,2014-03-24,female
131,Gloriana,Ayomide,2013-09-15,female
132,Abigael,Taiwo,2015-05-09,female
133,Arabela,Abioye,2014-09-07,female
134,Sky,Dada,2013-12-16,male
135,Aurelea,Chigozie,2013-12-24,female
136,Jemima,Ayomide,2015-04-05,female
137,Lanie,Uche,2015-08-09,female
138,Mable,Uzochi,2014-09-16,female
139,Elsey,Adebowale,2014-12-17,female
140,Brigit,Onyekachi,2015-06-23,female
141,Harris,Uzochi,2015-05-19,male
142,Kandy,Onyekachi,2015-06-19,female
143,Courtney,Chidiebere,2015-01-09,female
144,Willow,Opeyemi,2014-06-06,female
145,Willi,Temitope,2015-01-02,male
146,Troy,Chiemeka,2015-02-01,male
147,Merna,Fumnanya,2015-01-08,female
148,Faina,Ayodele,2014-07-19,female
149,Dave,Obi,2013-03-01,male
150,Jimmie,Ayodele,2015-06-17,male
151,Agustin,Chidubem,2014-04-14,male
152,Nathanael,Abimbola,2015-11-02,male
153,Quinlan,Chidiebube,2014-04-21,male
154,Ingamar,Abiodun,2015-08-05,male
155,Kyrstin,Uzoma,2015-07-16,female
156,Pia,Chikere,2015-04-05,female
157,Ann,Onyekachi,2014-12-13,female
158,Ronica,Idowu,2015-05-07,female
159,Garfield,Abimbola,2015-06-18,male
160,Tucker,Olamide,2015-06-13,male
161,Angelle,Abiola,2013-05-25,female
162,Doloritas,Ekene,2014-05-13,female
163,Tuckie,Obi,2013-05-09,male
164,Shellie,Kyauta,2014-02-08,female
165,Anatole,Akachi,2013-03-03,male
166,Ursula,Eniola,2014-07-14,female
167,Arlette,Adedayo,2014-09-22,female
168,Andromache,Chidubem,2015-01-24,female
169,Jennee,Adisa,2015-11-03,female
170,Christiano,Temitope,2014-02-14,male
171,French,Dayo,2014-08-06,male
172,Darius,Adebola,2014-05-14,male
173,Aharon,Chinwendu,2015-03-01,male
174,Leanora,Kelechi,2015-04-12,female
175,Nariko,Abioye,2014-10-25,female
176,Kimball,Abiodun,2015-08-16,male
177,Beverlee,Chinwendu,2015-12-03,female
178,Damien,Ekundayo,2013-11-27,male
179,Adrien,Ayotunde,2014-04-17,female
180,Jocelyne,Obi,2013-06-23,female
181,Torey,Abimbola,2014-05-13,female
182,Desirae,Chijindum,2015-10-27,female
183,Kristopher,Chizoba,2014-11-11,male
184,Cheslie,Adedayo,2014-01-14,female
185,Kynthia,Chima,2013-02-09,female
186,Gwenni,Abioye,2013-03-24,female
187,Gus,Ayotunde,2013-07-18,male
188,Tallie,Chidiebere,2015-07-23,female
189,Karna,Temitope,2014-10-06,female
190,Dimitrou,Chinwendu,2014-03-14,male
191,Julita,Chiemeka,2015-03-02,female
192,Witold,Toyin,2015-10-03,male
193,Moyna,Abidemi,2014-02-11,female
194,Maribeth,Chizoba,2015-11-06,female
195,Huey,Adebola,2015-04-28,male
196,Roanna,Chibuzo,2015-11-28,female
197,Joycelin,Ife,2013-05-22,female
198,Bartolomei,Olamide,2014-02-20,male
199,Wandis,Chima,2013-08-01,female
200,Carmelita,Chinonso,2014-06-02,female
201,Poppy,Olamide,2015-08-22,female
202,Spud,Ayotunde,2014-02-24,male
203,Elmira,Oluwatoyin,2015-02-11,female
204,Elaine,Onyekachi,2013-08-25,female
205,Martynne,Uzoma,2015-05-21,female
206,Alejandro,Oluwaseun,2013-07-23,male
207,Melinde,Chinonso,2013-07-24,female
208,Harriot,Taiwo,2015-08-17,female
209,Aurelie,Chiemeka,2014-02-26,female
210,Archon,Ekenedilichukwu,2013-09-15,male
211,Ally,Tochukwu,2014-10-21,female
212,Danyelle,Chidi,2014-09-11,female
213,Janos,Ndidi,2013-01-09,male
214,Melly,Temitope,2013-10-09,female
215,Karel,Akuchi,2013-03-02,male
216,Georgetta,Adetokunbo,2013-08-13,female
217,Cyrus,Fumnanya,2015-02-25,male
218,Jacquenette,Obi,2013-06-16,female
219,Taber,Adisa,2014-09-23,male
220,Gisela,Chizoba,2015-03-24,female
221,Cassi,Ayotunde,2015-02-18,female
222,Raven,Kyauta,2013-05-09,female
223,Sabine,Chidiebere,2013-02-15,female
224,Harriet,Chizoba,2013-06-24,female
225,Reinhard,Chiemeka,2015-05-12,male
226,Damaris,Chidiebere,2013-01-05,female
227,Tonie,Uchenna,2014-02-15,female
228,Rubetta,Chidiebele,2013-06-23,female
229,Myra,Olamide,2013-12-13,female
230,Walton,Ekene,2014-09-01,male
231,Lucky,Opeyemi,2013-11-12,female
232,Angelique,Opeyemi,2013-03-20,female
233,Fidela,Alaba,2013-12-05,female
234,Aldwin,Olusola,2015-12-01,male
235,Lura,Oni,2014-03-15,female
236,Reggis,Akachi,2014-02-01,male
237,Cornelle,Ogochukwu,2014-03-03,female
238,Kaylil,Chidiebele,2014-03-23,female
239,Teodora,Taiwo,2013-10-12,female
240,Stevena,Uchenna,2014-06-15,female
241,Danna,Abioye,2013-04-07,female
242,Georges,Chiemeka,2013-09-04,male
243,Emil,Olamide,2015-08-17,male
244,Chery,Olamide,2013-02-28,female
245,Spenser,Adebola,2014-09-22,male
246,Malanie,Onyekachukwu,2015-12-04,female
247,Feliza,Ayotunde,2015-04-02,female
248,Ariel,Kehinde,2014-12-02,female
249,Betti,Bamidele,2013-08-13,female
250,Berget,Ige,2014-11-03,female
251,Caril,Ige,2013-03-13,female
252,Lacey,Ayomide,2014-09-17,female
253,Roseanne,Bamidele,2013-02-11,female
254,Florence,Ekenedilichukwu,2013-05-10,female
255,Abigael,Abimbola,2013-02-11,female
256,Codie,Tochukwu,2013-11-26,female
257,Dane,Tochukwu,2014-08-01,male
258,Vick,Folami,2015-06-19,male
259,Cameo,Abimbola,2013-07-07,female
260,Cicely,Abioye,2014-12-19,female
261,Jorey,Chidiebere,2014-08-02,female
262,Ralph,Abioye,2015-09-20,male
263,Fritz,Eniola,2014-09-01,male
264,Ashley,Kelechi,2015-10-14,male
265,Archon,Chinonso,2015-07-15,male
266,Stephannie,Chinwendu,2014-10-11,female
267,Benjy,Ekene,2014-10-18,male
268,Salomon,Olusola,2013-03-07,male
269,Werner,Onyeka,2013-08-15,male
270,Elmore,Ayomide,2014-08-21,male
271,Eveleen,Fumnanya,2013-03-17,female
272,Mohammad,Adetokunbo,2014-11-28,male
273,Margaux,Ekene,2014-03-08,female
274,Marguerite,Olamide,2015-12-06,female
275,Marilu,Taiwo,2013-06-12,male
276,Broddy,Adeola,2014-11-05,male
277,Linzy,Olamide,2013-03-05,female
278,Roseline,Obi,2015-07-01,female
279,Townsend,Abioye,2014-08-14,male
280,Rad,Fumnanya,2015-01-24,male
281,Dorotea,Temitope,2015-08-22,female
282,Burt,Kehinde,2013-12-23,male
283,Faydra,Temitope,2013-05-09,female
284,Tootsie,Adedayo,2015-02-20,female
285,Francoise,Onyekachukwu,2014-02-13,female
286,Sheff,Fumnanya,2013-04-27,male
287,Ruby,Ekene,2013-06-16,male
288,Torrin,Adebowale,2013-12-02,male
289,Sol,Chimezie,2014-03-05,male
290,Judi,Uzoma,2013-09-16,female
291,Corrinne,Eniola,2015-06-12,female
292,Kincaid,Oluwatoyin,2013-06-24,male
293,Elena,Adebola,2014-02-11,female
294,Lenard,Olusola,2014-03-20,male
295,Louella,Oluwaseyi,2014-03-04,female
296,Orly,Chidi,2014-01-20,female
297,Mitchael,Abiodun,2014-07-07,male
298,Benito,Chiemeka,2014-01-14,male
299,Hebert,Adeola,2015-12-24,male